1 1 |Episode #1.1| |25 Aug. 2015| 7.301234567891
1 2 |Episode #1.2| |1 Sep. 2015| 7.201234567891
1 3 |Episode #1.3| |8 Sep. 2015| 7.501234567891
1 4 |Episode #1.4| |15 Sep. 2015| 7.801234567891
1 5 |Episode #1.5| |22 Sep. 2015| 7.501234567891
1 6 |Episode #1.6| |29 Sep. 2015| 7.701234567891
2 1 |Episode #2.1| |13 Oct. 2016| 7.401234567891
2 2 |Episode #2.2| |21 Oct. 2016| 7.101234567891
2 3 |Episode #2.3| |28 Oct. 2016| 7.301234567891
2 4 |Episode #2.4| |4 Nov. 2016| 7.501234567891
2 5 |Episode #2.5| |11 Nov. 2016| 7.801234567891
2 6 |Episode #2.6| |18 Nov. 2016| 7.601234567891
